{
"lengthUnit": "mil",
"components": {
	"fields": ["COMPONENT_NO", "COMPONENT_NAME", "LAYER", "X_COORDINATE", "Y_COORDINATE", "ANGLE"],
	"rows": [
		[1, "C1", "T", 814.23, -2802.29, 0],
		[2, "C2", "T", 975, -2390, 0],
		[3, "C3", "T", 190, -2810, 0],
		[4, "C4", "T", 300, -2415, 270],
		[5, "C5", "T", 700, -2175, 0],
		[6, "C6", "T", 825, -2330, 90],
		[7, "C7", "T", 905, -2490, 90],
		[8, "D1", "T", 955, -2265, 0],
		[9, "U1", "T", 590, -2515, 270],
		[10, "USB1", "T", 1160, -2375, 90],
		[11, "USB2", "T", 329.23, -2962.65, 0],
		[12, "USB3", "T", 1010, -2965, 0],
		[13, "USB4", "T", 135, -2365, 270],
		[14, "USB5", "T", 545, -2020, 180]
	]
},
"pins": {
	"fields": ["PIN_NO", "PIN_NAME", "PIN_X", "PIN_Y", "LAYER", "PIN_TYPE", "NET_NAME", "NET_TYPE", "PAD_SHAPE", "PAD_SIZEX", "PAD_SIZEY", "HOLE_SIZE", "PAD_ANGLE"],
	"rows": [
		[1, "C1_1", 786.67, -2802.29, "T", "SMD", "+5V", "", "R", 31.5, 35.43, 0, 0],
		[2, "C1_2", 841.79, -2802.29, "T", "SMD", "GND", "GND", "R", 31.5, 35.43, 0, 0],
		[3, "C2_1", 947.44, -2390, "T", "SMD", "+5V", "", "R", 31.5, 35.43, 0, 0],
		[4, "C2_2", 1002.56, -2390, "T", "SMD", "GND", "GND", "R", 31.5, 35.43, 0, 0],
		[5, "C3_1", 162.44, -2810, "T", "SMD", "+5V", "", "R", 31.5, 35.43, 0, 0],
		[6, "C3_2", 217.56, -2810, "T", "SMD", "GND", "GND", "R", 31.5, 35.43, 0, 0],
		[7, "C4_1", 300, -2387.44, "T", "SMD", "+5V", "", "R", 31.5, 35.43, 0, 270],
		[8, "C4_2", 300, -2442.56, "T", "SMD", "GND", "GND", "R", 31.5, 35.43, 0, 270],
		[9, "C5_1", 672.44, -2175, "T", "SMD", "+5V", "", "R", 31.5, 35.43, 0, 360],
		[10, "C5_2", 727.56, -2175, "T", "SMD", "GND", "GND", "R", 31.5, 35.43, 0, 360],
		[11, "C6_1", 825, -2357.56, "T", "SMD", "$1N1555", "", "R", 31.5, 35.43, 0, 90],
		[12, "C6_2", 825, -2302.44, "T", "SMD", "GND", "GND", "R", 31.5, 35.43, 0, 90],
		[13, "C7_1", 905, -2517.56, "T", "SMD", "$1N1560", "", "R", 31.5, 35.43, 0, 90],
		[14, "C7_2", 905, -2462.44, "T", "SMD", "GND", "GND", "R", 31.5, 35.43, 0, 90],
		[15, "D1_1", 908.84, -2265, "T", "SMD", "+5V", "", "R", 39.37, 29.53, 0, 0],
		[16, "D1_2", 1001.16, -2265, "T", "SMD", "$1N2399", "", "R", 39.37, 29.53, 0, 0],
		[17, "U1_1", 476.91, -2340, "T", "SMD", "$1N1431", "", "O", 22.05, 68.7, 0, 270],
		[18, "U1_2", 476.91, -2390, "T", "SMD", "$1N1433", "", "O", 22.05, 68.7, 0, 270],
		[19, "U1_3", 476.91, -2440, "T", "SMD", "$1N1279", "", "O", 22.05, 68.7, 0, 270],
		[20, "U1_4", 476.91, -2490, "T", "SMD", "$1N1281", "", "O", 22.05, 68.7, 0, 270],
		[21, "U1_5", 476.91, -2540, "T", "SMD", "$1N857", "", "O", 22.05, 68.7, 0, 270],
		[22, "U1_6", 476.91, -2590, "T", "SMD", "$1N864", "", "O", 22.05, 68.7, 0, 270],
		[23, "U1_7", 476.91, -2640, "T", "SMD", "$1N850", "", "O", 22.05, 68.7, 0, 270],
		[24, "U1_8", 476.91, -2690, "T", "SMD", "$1N844", "", "O", 22.05, 68.7, 0, 270],
		[25, "U1_9", 703.09, -2690, "T", "SMD", "$1N583", "", "O", 22.05, 68.7, 0, 270],
		[26, "U1_10", 703.09, -2640, "T", "SMD", "$1N579", "", "O", 22.05, 68.7, 0, 270],
		[27, "U1_11", 703.09, -2590, "T", "SMD", "+5V", "", "O", 22.05, 68.7, 0, 270],
		[28, "U1_12", 703.09, -2540, "T", "SMD", "GND", "GND", "O", 22.05, 68.7, 0, 270],
		[29, "U1_13", 703.09, -2490, "T", "SMD", "$1N1555", "", "O", 22.05, 68.7, 0, 270],
		[30, "U1_14", 703.09, -2440, "T", "SMD", "$1N1560", "", "O", 22.05, 68.7, 0, 270],
		[31, "U1_15", 703.09, -2390, "T", "SMD", "U1_15", "", "O", 22.05, 68.7, 0, 270],
		[32, "U1_16", 703.09, -2340, "T", "SMD", "GND", "GND", "O", 22.05, 68.7, 0, 270],
		[33, "USB1_1", 1120.63, -2237.21, "T", "DIP", "$1N2399", "", "R", 62.99, 62.99, 39.37, 90],
		[34, "USB1_1", 1120.63, -2237.21, "B", "DIP", "$1N2399", "", "R", 62.99, 62.99, 39.37, 90],
		[35, "USB1_2", 1120.63, -2335.63, "T", "DIP", "$1N583", "", "C", 62.99, 62.99, 39.37, 90],
		[36, "USB1_2", 1120.63, -2335.63, "B", "DIP", "$1N583", "", "C", 62.99, 62.99, 39.37, 90],
		[37, "USB1_3", 1120.63, -2414.37, "T", "DIP", "$1N579", "", "C", 62.99, 62.99, 39.37, 90],
		[38, "USB1_3", 1120.63, -2414.37, "B", "DIP", "$1N579", "", "C", 62.99, 62.99, 39.37, 90],
		[39, "USB1_4", 1120.63, -2512.8, "T", "DIP", "GND", "GND", "C", 62.99, 62.99, 39.37, 90],
		[40, "USB1_4", 1120.63, -2512.8, "B", "DIP", "GND", "GND", "C", 62.99, 62.99, 39.37, 90],
		[41, "USB1_5", 1199.37, -2146.66, "T", "DIP", "GND", "GND", "R", 62.99, 110.24, 98.42, 90],
		[42, "USB1_5", 1199.37, -2146.66, "B", "DIP", "GND", "GND", "R", 62.99, 110.24, 98.42, 90],
		[43, "USB1_6", 1199.37, -2603.35, "T", "DIP", "GND", "GND", "R", 62.99, 110.24, 98.42, 90],
		[44, "USB1_6", 1199.37, -2603.35, "B", "DIP", "GND", "GND", "R", 62.99, 110.24, 98.42, 90],
		[45, "USB2_1", 191.43, -2909.31, "T", "DIP", "+5V", "", "R", 60, 60, 36.22, 0],
		[46, "USB2_1", 191.43, -2909.31, "B", "DIP", "+5V", "", "R", 60, 60, 36.22, 0],
		[47, "USB2_2", 289.86, -2909.31, "T", "DIP", "$1N850", "", "C", 60, 60, 36.22, 0],
		[48, "USB2_2", 289.86, -2909.31, "B", "DIP", "$1N850", "", "C", 60, 60, 36.22, 0],
		[49, "USB2_3", 368.6, -2909.31, "T", "DIP", "$1N844", "", "C", 60, 60, 36.22, 0],
		[50, "USB2_3", 368.6, -2909.31, "B", "DIP", "$1N844", "", "C", 60, 60, 36.22, 0],
		[51, "USB2_4", 467.02, -2909.31, "T", "DIP", "GND", "GND", "C", 60, 60, 36.22, 0],
		[52, "USB2_4", 467.02, -2909.31, "B", "DIP", "GND", "GND", "C", 60, 60, 36.22, 0],
		[53, "USB2_5", 604.82, -3016, "T", "DIP", "GND", "GND", "C", 102.36, 102.36, 82.68, 0],
		[54, "USB2_5", 604.82, -3016, "B", "DIP", "GND", "GND", "C", 102.36, 102.36, 82.68, 0],
		[55, "USB2_6", 53.64, -3016, "T", "DIP", "GND", "GND", "C", 102.36, 102.36, 82.68, 0],
		[56, "USB2_6", 53.64, -3016, "B", "DIP", "GND", "GND", "C", 102.36, 102.36, 82.68, 0],
		[57, "USB3_1", 872.2, -2911.66, "T", "DIP", "+5V", "", "R", 60, 60, 36.22, 0],
		[58, "USB3_1", 872.2, -2911.66, "B", "DIP", "+5V", "", "R", 60, 60, 36.22, 0],
		[59, "USB3_2", 970.63, -2911.66, "T", "DIP", "$1N857", "", "C", 60, 60, 36.22, 0],
		[60, "USB3_2", 970.63, -2911.66, "B", "DIP", "$1N857", "", "C", 60, 60, 36.22, 0],
		[61, "USB3_3", 1049.37, -2911.66, "T", "DIP", "$1N864", "", "C", 60, 60, 36.22, 0],
		[62, "USB3_3", 1049.37, -2911.66, "B", "DIP", "$1N864", "", "C", 60, 60, 36.22, 0],
		[63, "USB3_4", 1147.79, -2911.66, "T", "DIP", "GND", "GND", "C", 60, 60, 36.22, 0],
		[64, "USB3_4", 1147.79, -2911.66, "B", "DIP", "GND", "GND", "C", 60, 60, 36.22, 0],
		[65, "USB3_5", 1285.59, -3018.34, "T", "DIP", "GND", "GND", "C", 102.36, 102.36, 82.68, 0],
		[66, "USB3_5", 1285.59, -3018.34, "B", "DIP", "GND", "GND", "C", 102.36, 102.36, 82.68, 0],
		[67, "USB3_6", 734.41, -3018.34, "T", "DIP", "GND", "GND", "C", 102.36, 102.36, 82.68, 0],
		[68, "USB3_6", 734.41, -3018.34, "B", "DIP", "GND", "GND", "C", 102.36, 102.36, 82.68, 0],
		[69, "USB4_1", 188.35, -2227.2, "T", "DIP", "+5V", "", "R", 60, 60, 36.22, 270],
		[70, "USB4_1", 188.35, -2227.2, "B", "DIP", "+5V", "", "R", 60, 60, 36.22, 270],
		[71, "USB4_2", 188.34, -2325.63, "T", "DIP", "$1N1279", "", "C", 60, 60, 36.22, 270],
		[72, "USB4_2", 188.34, -2325.63, "B", "DIP", "$1N1279", "", "C", 60, 60, 36.22, 270],
		[73, "USB4_3", 188.34, -2404.37, "T", "DIP", "$1N1281", "", "C", 60, 60, 36.22, 270],
		[74, "USB4_3", 188.34, -2404.37, "B", "DIP", "$1N1281", "", "C", 60, 60, 36.22, 270],
		[75, "USB4_4", 188.34, -2502.79, "T", "DIP", "GND", "GND", "C", 60, 60, 36.22, 270],
		[76, "USB4_4", 188.34, -2502.79, "B", "DIP", "GND", "GND", "C", 60, 60, 36.22, 270],
		[77, "USB4_5", 81.66, -2640.59, "T", "DIP", "GND", "GND", "C", 102.36, 102.36, 82.68, 270],
		[78, "USB4_5", 81.66, -2640.59, "B", "DIP", "GND", "GND", "C", 102.36, 102.36, 82.68, 270],
		[79, "USB4_6", 81.66, -2089.41, "T", "DIP", "GND", "GND", "C", 102.36, 102.36, 82.68, 270],
		[80, "USB4_6", 81.66, -2089.41, "B", "DIP", "GND", "GND", "C", 102.36, 102.36, 82.68, 270],
		[81, "USB5_1", 682.8, -2073.34, "T", "DIP", "+5V", "", "R", 60, 60, 36.22, 180],
		[82, "USB5_1", 682.8, -2073.34, "B", "DIP", "+5V", "", "R", 60, 60, 36.22, 180],
		[83, "USB5_2", 584.37, -2073.34, "T", "DIP", "$1N1431", "", "C", 60, 60, 36.22, 180],
		[84, "USB5_2", 584.37, -2073.34, "B", "DIP", "$1N1431", "", "C", 60, 60, 36.22, 180],
		[85, "USB5_3", 505.63, -2073.34, "T", "DIP", "$1N1433", "", "C", 60, 60, 36.22, 180],
		[86, "USB5_3", 505.63, -2073.34, "B", "DIP", "$1N1433", "", "C", 60, 60, 36.22, 180],
		[87, "USB5_4", 407.21, -2073.34, "T", "DIP", "GND", "GND", "C", 60, 60, 36.22, 180],
		[88, "USB5_4", 407.21, -2073.34, "B", "DIP", "GND", "GND", "C", 60, 60, 36.22, 180],
		[89, "USB5_5", 269.41, -1966.66, "T", "DIP", "GND", "GND", "C", 102.36, 102.36, 82.68, 180],
		[90, "USB5_5", 269.41, -1966.66, "B", "DIP", "GND", "GND", "C", 102.36, 102.36, 82.68, 180],
		[91, "USB5_6", 820.59, -1966.66, "T", "DIP", "GND", "GND", "C", 102.36, 102.36, 82.68, 180],
		[92, "USB5_6", 820.59, -1966.66, "B", "DIP", "GND", "GND", "C", 102.36, 102.36, 82.68, 180]
	]
}
}